frame,type,left,reference,left_label,reference_label,iou
adasind_167700.jpg,mismatching_attributes,7,6,ThreeWheeler,ThreeWheeler,0.895
adasind_167700.jpg,mismatching_attributes,4,3,Pedestrian,Pedestrian,0.819
adasind_167700.jpg,mismatching_attributes,8,4,Car,Car,0.805
adasind_167700.jpg,mismatching_attributes,9,7,Truck,Truck,0.803
adasind_167700.jpg,mismatching_attributes,10,8,Truck,Truck,0.647
adasind_167700.jpg,mismatching_attributes,3,5,Bike,Bike,0.599
adasind_167700.jpg,mismatching_attributes,5,9,Bike,Bike,0.565
adasind_167700.jpg,extra_annotation,11,,ThreeWheeler,,N/A
adasind_167700.jpg,missing_annotation,,2,,Bike,N/A
adasind_199770.jpg,mismatching_label,6,7,ThreeWheeler,Truck,0.866
adasind_199770.jpg,mismatching_attributes,4,2,ThreeWheeler,ThreeWheeler,0.618
adasind_199770.jpg,extra_annotation,1,,Bike,,N/A
adasind_199770.jpg,extra_annotation,3,,Bike,,N/A
adasind_199770.jpg,missing_annotation,,3,,Pedestrian,N/A
adasind_199770.jpg,missing_annotation,,4,,ThreeWheeler,N/A
adasind_199770.jpg,missing_annotation,,5,,Bike,N/A
adasind_199770.jpg,missing_annotation,,6,,Bike,N/A
adasind_199770.jpg,missing_annotation,,9,,Bike,N/A
