round,slice,frame,object_ref,cell,what,why,severity,owner,rule_id,evidence,action,rules_version,note
calib,C0,adasind_019560.jpg,L3,na,SPURIOUS,E1_annotator_error,P1,annotator,R03,"Người áo đỏ-nâu đội mũ bảo hiểm đang NGỒI lái xe máy (x≈430–535, y≈730–915). Tôi tách thành L3 Pedestrian + L5 Bike; R03 quy định người lái + xe hai bánh = một box Bike. Reference chỉ có một Bike (427,736–535,910) nên L3 thừa",rework,v1.0.0,Soi trên ảnh gốc + compare.html. Bài học cho P2: B3-dense có nhiều người cạnh xe đạp – phải phân biệt ngồi lái (1 Bike) với dắt xe (Pedestrian + Bike). Không khóa lại C0
calib,C0,adasind_019560.jpg,L4+R3,na,WRONG_CLASS,E1_annotator_error,P1,annotator,R04,"Xe ba bánh mui vàng-đen (auto-rickshaw) ở mép trái đường (x≈32–105, y≈770–857). Tôi gán Truck; R04: xe ba bánh chở người/hàng → ThreeWheeler. Reference R3 = ThreeWheeler, box khớp vị trí",rework,v1.0.0,Soi trên ảnh gốc. Cùng một nguyên nhân gốc với L6+R5 và L7+R6: tôi coi xe ba bánh là Truck (đúng ngộ nhận card 1 trong docs/06)
calib,C0,adasind_019560.jpg,L6+R5,na,WRONG_CLASS,E1_annotator_error,P1,annotator,R04,"Xe ba bánh mui đỏ đậu trước dãy quán (x≈330–432, y≈728–848) gán Truck; reference R5 = ThreeWheeler. Hình dáng một bánh trước + cabin mui cong là auto-rickshaw, không phải xe tải",rework,v1.0.0,Cùng lỗi hệ thống với L4+R3: 3/3 xe ba bánh trong frame bị gán Truck
calib,C0,adasind_019560.jpg,L7+R6,na,WRONG_CLASS,E1_annotator_error,P1,annotator,R04,"Xe ba bánh mui trắng-xám phía sau L6 (x≈286–338, y≈741–827) gán Truck; reference R6 = ThreeWheeler",rework,v1.0.0,Cùng lỗi hệ thống với L4+R3
calib,C0,adasind_019560.jpg,ignore_region#1,na,IGNORE_SCOPE,E1_annotator_error,P0,annotator,R07,"Polygon ego_body duy nhất của tôi chạy theo mép trong vòng kính rồi đóng dọc cạnh phải (x≈1076, y 308–1485) nên phủ gần TOÀN BỘ vùng ảnh hợp lệ, gồm cả 7 box vật thể. Thân xe ego thật chỉ thấy ở góc dưới-trái (tay/thân người lái x<150, y≈1070–1560); reference ego_body là polygon 7 điểm nhỏ ở vùng đó. Hai polygon lens_border import sẵn cũng không còn trong export (R08)",rework,v1.0.0,"compare.md KHÔNG báo lỗi này vì bộ so dùng ignore của reference và R11 không so reason – chỉ phát hiện khi soi XML/ảnh. Nếu lặp lại ở P2, mọi box B3-dense sẽ nằm trong vùng ignore. Không khóa lại C0"
r2_qa,B3-dense,adasind_167700.jpg,L6,L_only,BOX_GEOMETRY,,P1,annotator,R02,"Bike người quàng khăn kéo tới mép phải x=1080; xe chỉ thấy tới x≈980, phần sau bị chân người che",rework,v1.0.0,QA mù (cold review bản khóa CE4A-167F); chưa mở reference | Trả lời P4: đồng ý – reference R2 755–975 xác nhận
r2_qa,B3-dense,adasind_167700.jpg,L8,L_only,ATTRIBUTE,,P2,annotator,R05,Car (xe van) tick truncated nhưng nằm gọn trong ảnh/vòng kính; chỉ bị thùng hàng che,rework,v1.0.0,QA mù (cold review bản khóa CE4A-167F); chưa mở reference | Trả lời P4: đồng ý – reference không truncated
r2_qa,B3-dense,adasind_167700.jpg,L10,L_only,ATTRIBUTE,,P2,annotator,R05,Truck xám ở xa tick truncated dù không chạm mép ảnh hay vòng kính; chỉ bị xe van che,rework,v1.0.0,QA mù (cold review bản khóa CE4A-167F); chưa mở reference | Trả lời P4: đồng ý – reference chỉ occluded
r2_qa,B3-dense,adasind_167700.jpg,ego_body,L_only,IGNORE_SCOPE,,P1,annotator,R07,"ego_body chỉ phủ tay áo; thân tối màu dưới tay (x 0–270, y≈1440–1680) và túi góc trên-trái còn lộ",rework,v1.0.0,QA mù (cold review bản khóa CE4A-167F); chưa mở reference | Trả lời P4: đồng ý theo R07. Không đối chiếu được với reference vì reference đặt ego sai bên (xem escalation)
r2_qa,B3-dense,adasind_145860.jpg,ego_body,L_only,IGNORE_SCOPE,,P1,annotator,R07,"ego_body thiếu bàn chân/dép thứ hai ở đáy vòng kính (x≈255–345, y≈1740–1795)",rework,v1.0.0,"QA mù (cold review bản khóa CE4A-167F); chưa mở reference | Trả lời P4: đồng ý – reference có polygon ego thứ 2 (250–350, 1720–1800) cho bàn chân"
r2_qa,B3-dense,adasind_199770.jpg,"missing@278,802",L_only,MISSING,,P2,qa,R01,"Xe ba bánh mui trắng thứ 2 ở xa (x≈278–330, y≈802–860, ~58 px ≥ H) không có box",escalate,v1.0.0,"QA mù (cold review bản khóa CE4A-167F); chưa mở reference | Trả lời P4: phóng to thấy xe ba bánh mui trắng tròn ở x≈280–322, y≈802–858; reference và model đều không có → đưa vào escalation cùng ticket reference"
r2_qa,B3-dense,adasind_145860.jpg,L2,L_only,WRONG_CLASS,,P2,guideline,R04,"Xe vàng ở xa gán Truck; ảnh mờ, chưa loại trừ auto-rickshaw – cần phân xử class",keep_with_reason,v1.0.0,"QA mù (cold review bản khóa CE4A-167F); chưa mở reference | Trả lời P4: reference coi vùng này unreadable (ignore) → don't-care; giữ box, đề xuất patch rule vật mờ"
r2_qa,B3-dense,adasind_199770.jpg,"missing@950,1300",L_only,MISSING,,P2,qa,R01,Cẳng chân + dép mép phải dưới (~260 px thấy được) không có box hay ignore_region,escalate,v1.0.0,QA mù (cold review bản khóa CE4A-167F); chưa mở reference | Trả lời P4: reference phủ vùng này bằng polygon ego_body bên phải – cùng lỗi reference đã escalate; chưa sửa cho tới khi có phân xử
r1_craft,B3-dense,adasind_145860.jpg,L2,na,IGNORE_SCOPE,E2_guideline_gap,P2,guideline,R06,"Xe vàng ở xa (234–286, 854–916, ~61 px) tôi box Truck; reference đặt ignore reason=unreadable đúng vùng này. Ảnh mờ, không đọc được class (QA mù cũng nghi ngờ class)",keep_with_reason,v1.0.0,"Box nằm trong ignore nên là don't-care, không đổi điểm. Rules chưa nói khi nào vật ≥H nhưng mờ thì chuyển unreadable → đề xuất patch"
r1_craft,B3-dense,adasind_167700.jpg,L1,na,IGNORE_SCOPE,E0_reference_defect,P0,qa,R07,"Reference đặt ignore_region reason=ego_body (922–1077, 747–1443) lên người quàng khăn đang dắt xe đạp ở mép phải; người này đứng ngoài xe ego (ego là người áo caro ở góc dưới-trái, mà reference không có polygon ego nào ở đó). Model M2 cũng thấy Pedestrian",escalate,v1.0.0,Nhãn của tôi (Pedestrian truncated) giữ nguyên; cần người phân xử sửa reference trước khi dùng số của frame này
r1_craft,B3-dense,adasind_167700.jpg,L6,na,IGNORE_SCOPE,E1_annotator_error,P1,annotator,R02,Bike người quàng khăn (756–1080) kéo tới mép ảnh; xe chỉ thấy tới x≈975 (reference R2 755–975). Box quá rộng nên phần lớn rơi vào polygon ego sai của reference,rework,v1.0.0,Thu cạnh phải về ≈975; lỗi ignore là do E0 ở dòng L1 cùng frame
r1_craft,B3-dense,adasind_167700.jpg,L8+R4,na,ATTRIBUTE,E1_annotator_error,P2,annotator,R05,"Car (xe van) tick truncated; box nằm gọn trong ảnh/vòng kính, reference R4 không truncated. QA mù đã phát hiện",rework,v1.0.0,"Bỏ truncated, giữ occluded"
r1_craft,B3-dense,adasind_167700.jpg,L10+R8,na,ATTRIBUTE,E1_annotator_error,P2,annotator,R05,Truck xám ở xa tick truncated; reference R8 chỉ occluded. QA mù đã phát hiện,rework,v1.0.0,Bỏ truncated
r1_craft,B3-dense,adasind_167700.jpg,L11,na,SPURIOUS,E5_unresolved,P2,qa,R01,"Box ThreeWheeler thứ 2 (196–285, 932–1052) sau xe vàng: phóng to thấy mui trắng + thân xám của một xe ba bánh khác ở x≈195–250. Reference R6 (16–242) có thể đã gộp hai xe; model M8 (23–267) cũng gộp",keep_with_reason,v1.0.0,Cần người soát xác nhận có 2 xe hay 1; nếu 2 thì box của tôi nên thu về x≈195–250 để không lấn người áo xanh
r1_craft,B3-dense,adasind_167700.jpg,R2,na,MISSING,E1_annotator_error,P1,annotator,R02,R2 Bike (755–975) chính là xe của người quàng khăn; box L6 của tôi quá rộng nên bị tính ignore và R2 thành thiếu,rework,v1.0.0,Sửa cùng dòng L6
r1_craft,B3-dense,adasind_199770.jpg,L5,na,IGNORE_SCOPE,E0_reference_defect,P0,qa,R09,"Reference đặt ignore_region reason=ego_body (924–1080, 813–1552) phủ xe ba bánh mép phải nhưng đồng thời có box R4 ThreeWheeler (935–1080, 990–1300) nằm trong chính polygon đó – trái R09; xe có biển số đã làm mờ nên là xe khác, không phải thân xe ego. Góc dưới-trái (người áo caro) không có polygon ego",escalate,v1.0.0,Nhãn của tôi (ThreeWheeler truncated) trùng R4 của reference; chỉ polygon ego của reference sai
r1_craft,B3-dense,adasind_199770.jpg,L1+R5,na,BOX_GEOMETRY,E1_annotator_error,P1,annotator,R01,Một box Bike (82–151) phủ 2 xe máy đậu sát; reference tách R5 (91–119) và R6 (109–144). Phóng to đếm được 2 xe,rework,v1.0.0,"Tách 2 box Bike, xe sau occluded (card 6: đếm được thì box riêng)"
r1_craft,B3-dense,adasind_199770.jpg,L3+R9,na,BOX_GEOMETRY,E5_unresolved,P2,qa,R02,"Xe máy hồng: box tôi 545–677, reference 539–610, model M3 535–652. Thân đỏ của xe vẫn thấy bên phải người áo trắng tới x≈655",keep_with_reason,v1.0.0,Cần người soát xem reference có cắt thiếu phần thân xe bị người che một phần không
r1_craft,B3-dense,adasind_199770.jpg,L6+R7,na,WRONG_CLASS,E1_annotator_error,P1,annotator,R04,"Phóng to (screenshots/escalation_199770_far_threewheeler.png): xe 216–275 có cabin trắng kính phẳng và thùng phía sau – xe tải nhỏ, reference R7 Truck đúng; tôi gán ThreeWheeler vì đoán theo mật độ xe ba bánh trong frame. Model M6 gọi Car",rework,v1.0.0,Đổi L6 sang Truck
r1_craft,B3-dense,adasind_199770.jpg,R3,na,MISSING,E1_annotator_error,P1,annotator,R01,"Người đứng trong quán bên phải (847–905, 829–947, ~118 px ≥ H) tôi bỏ sót vì coi là 'người trong quán, bị che'. Model M10 cũng thấy",rework,v1.0.0,Thêm box Pedestrian
r1_craft,B3-dense,adasind_199770.jpg,R4,na,MISSING,E0_reference_defect,P0,qa,R09,"Reference đặt ignore_region reason=ego_body (924–1080, 813–1552) phủ xe ba bánh mép phải nhưng đồng thời có box R4 ThreeWheeler (935–1080, 990–1300) nằm trong chính polygon đó – trái R09; xe có biển số đã làm mờ nên là xe khác, không phải thân xe ego. Góc dưới-trái (người áo caro) không có polygon ego",escalate,v1.0.0,R4 thành thiếu chỉ vì box L5 của tôi bị polygon ego sai của reference loại khỏi phạm vi
r1_craft,B3-dense,adasind_199770.jpg,R6,na,MISSING,E1_annotator_error,P1,annotator,R01,Xe máy đậu thứ 2 (109–144) bị gộp vào box L1,rework,v1.0.0,Sửa cùng dòng L1+R5
r3_diag,B3-dense,adasind_167700.jpg,L7+R6,LR_noM,MISSING,E4_model_domain,P2,ai_team,R04,"Model không có ThreeWheeler khớp; M8 gán Truck (23–267) cho xe ba bánh vàng. Cùng kiểu với 199770 M8, M12 (ThreeWheeler→Car) và M7 (→Truck): 4 lần/4 xe ba bánh gần",keep_with_reason,v1.0.0,"Nhãn người đúng R04; lỗi hệ thống class ThreeWheeler của model, báo AI team"
r3_diag,B3-dense,adasind_167700.jpg,L9+R7,LR_noM,MISSING,E5_unresolved,P3,ai_team,R01,"Model bỏ sót Truck tối màu ở xa (467–546, ~55 px) bị người áo sọc che",keep_with_reason,v1.0.0,Một ca vật xa bị che; chưa đủ để gọi là lỗi domain
r3_diag,B3-dense,adasind_167700.jpg,L5+R9,LR_noM,MISSING,E5_unresolved,P3,ai_team,R02,"Model có M5 Bike (313–352, 1012–1112) chỉ phủ nửa dưới xe của người áo xanh → IoU < 0.5 nên tính thiếu",keep_with_reason,v1.0.0,Lỗi hình học của model trên một vật bị che; nhãn người và reference khớp
r3_diag,B3-dense,adasind_167700.jpg,L11,L_only,SPURIOUS,E5_unresolved,P2,qa,R01,Như dòng r1_craft L11: có thể có xe ba bánh thứ 2 sau xe vàng mà reference và model đều gộp,keep_with_reason,v1.0.0,Chờ phân xử 1 hay 2 xe
r3_diag,B3-dense,adasind_167700.jpg,R2+M7,RM_noL,MISSING,E1_annotator_error,P1,annotator,R02,Reference và model đều có Bike 755–975; box L6 của tôi kéo tới 1080 nên không khớp,rework,v1.0.0,Thu L6 về ≈975
r3_diag,B3-dense,adasind_167700.jpg,M5,M_only,SPURIOUS,E5_unresolved,P3,ai_team,R02,M5 là box thiếu phần trên của Bike người áo xanh (xem L5+R9),keep_with_reason,v1.0.0,Không đổi nhãn người
r3_diag,B3-dense,adasind_167700.jpg,M8,M_only,SPURIOUS,E4_model_domain,P2,ai_team,R04,M8 Truck (23–267) phủ xe ba bánh vàng (và xe thứ 2 phía sau) – model gọi ThreeWheeler là Truck,keep_with_reason,v1.0.0,Cùng mẫu lỗi class ThreeWheeler của model
r3_diag,B3-dense,adasind_199770.jpg,L7+R8,LR_noM,MISSING,E4_model_domain,P2,ai_team,R04,Model gán M12 Car (373–530) cho xe ba bánh có ô che; người và reference đều ThreeWheeler,keep_with_reason,v1.0.0,Cùng mẫu lỗi class ThreeWheeler
r3_diag,B3-dense,adasind_199770.jpg,L4+R2,LR_noM,MISSING,E4_model_domain,P2,ai_team,R04,Model gán M8 Car (0–82) cho xe ba bánh mép trái bị cắt; người và reference đều ThreeWheeler truncated,keep_with_reason,v1.0.0,"Cùng mẫu lỗi class ThreeWheeler, thêm yếu tố vật bị cắt ở rìa"
r3_diag,B3-dense,adasind_199770.jpg,L1+M5,LM_noR,SPURIOUS,E1_annotator_error,P1,annotator,R01,Tôi và model đều gộp 2 xe máy đậu sát thành một box (77–151); reference tách 2 box,rework,v1.0.0,Người và model đồng ý không chứng minh đúng; đếm trên ảnh được 2 xe
r3_diag,B3-dense,adasind_199770.jpg,L3+M3,LM_noR,SPURIOUS,E5_unresolved,P2,qa,R02,"Xe máy hồng: box tôi và model rộng tới ≈652–677, reference chỉ tới 610",keep_with_reason,v1.0.0,Như dòng r1_craft L3+R9
r3_diag,B3-dense,adasind_199770.jpg,L6,L_only,SPURIOUS,E1_annotator_error,P1,annotator,R04,"Phóng to (screenshots/escalation_199770_far_threewheeler.png): xe 216–275 có cabin trắng kính phẳng và thùng phía sau – xe tải nhỏ, reference R7 Truck đúng; tôi gán ThreeWheeler vì đoán theo mật độ xe ba bánh trong frame. Model M6 gọi Car",rework,v1.0.0,Như dòng r1_craft L6+R7
r3_diag,B3-dense,adasind_199770.jpg,R3+M10,RM_noL,MISSING,E1_annotator_error,P1,annotator,R01,"Tôi bỏ sót người đứng trong quán (847–905, ~118 px); reference R3 và model M10 đều có",rework,v1.0.0,Thêm box Pedestrian
r3_diag,B3-dense,adasind_199770.jpg,R4,R_only,MISSING,E0_reference_defect,P0,qa,R09,"Reference đặt ignore_region reason=ego_body (924–1080, 813–1552) phủ xe ba bánh mép phải nhưng đồng thời có box R4 ThreeWheeler (935–1080, 990–1300) nằm trong chính polygon đó – trái R09; xe có biển số đã làm mờ nên là xe khác, không phải thân xe ego. Góc dưới-trái (người áo caro) không có polygon ego",escalate,v1.0.0,Như dòng r1_craft R4
r3_diag,B3-dense,adasind_199770.jpg,R5,R_only,MISSING,E1_annotator_error,P1,annotator,R01,Xe máy đậu thứ nhất (91–119) nằm trong box gộp L1,rework,v1.0.0,Tách box
r3_diag,B3-dense,adasind_199770.jpg,R6,R_only,MISSING,E1_annotator_error,P1,annotator,R01,Xe máy đậu thứ hai (109–144) nằm trong box gộp L1,rework,v1.0.0,Tách box
r3_diag,B3-dense,adasind_199770.jpg,R7,R_only,MISSING,E1_annotator_error,P1,annotator,R04,"Phóng to (screenshots/escalation_199770_far_threewheeler.png): xe 216–275 có cabin trắng kính phẳng và thùng phía sau – xe tải nhỏ, reference R7 Truck đúng; tôi gán ThreeWheeler vì đoán theo mật độ xe ba bánh trong frame. Model M6 gọi Car",rework,v1.0.0,Như dòng r1_craft L6+R7
r3_diag,B3-dense,adasind_199770.jpg,R9,R_only,MISSING,E5_unresolved,P2,qa,R02,Reference R9 xe máy hồng (539–610) hẹp hơn L3 và M3,keep_with_reason,v1.0.0,Như dòng r1_craft L3+R9
r3_diag,B3-dense,adasind_199770.jpg,M4,M_only,SPURIOUS,E4_model_domain,P3,ai_team,R07,"Model gán Pedestrian (0–140, 987–1577) cho người áo caro = thân xe ego; cùng lỗi ở 145860 M3 (0–205, 1040–1663). Chỉ thành M_only vì reference 199770 thiếu polygon ego bên trái",keep_with_reason,v1.0.0,Model không biết vùng ego; nhãn người đã có ego_body bên trái
r3_diag,B3-dense,adasind_199770.jpg,M6,M_only,SPURIOUS,E5_unresolved,P3,ai_team,R04,M6 Car (223–274) là xe tải nhỏ R7; model nhầm Truck→Car ở vật xa ~48 px,keep_with_reason,v1.0.0,Một ca vật xa; chưa đủ gọi là lỗi domain
r3_diag,B3-dense,adasind_199770.jpg,M8,M_only,SPURIOUS,E4_model_domain,P2,ai_team,R04,M8 Car (0–82) là xe ba bánh mép trái,keep_with_reason,v1.0.0,Cùng mẫu lỗi class ThreeWheeler
r3_diag,B3-dense,adasind_199770.jpg,M9,M_only,SPURIOUS,E5_unresolved,P2,qa,R01,"Model thấy Pedestrian nhỏ (352–367, 830–886, ~56 px) cạnh xe ba bánh có ô che; tôi và reference không box. Cần soi xem có người ≥H ở đó không",keep_with_reason,v1.0.0,Không tự thêm khi chưa kiểm trên ảnh
r3_diag,B3-dense,adasind_199770.jpg,M11,M_only,SPURIOUS,E5_unresolved,P2,qa,R01,"Model thấy Pedestrian (676–706, 835–915, ~80 px) ngay sau người áo trắng; tôi và reference không box. Cần soi có người thứ hai bị che hay là phần của người áo trắng",keep_with_reason,v1.0.0,Không tự thêm khi chưa kiểm trên ảnh
r3_diag,B3-dense,adasind_199770.jpg,M12,M_only,SPURIOUS,E4_model_domain,P2,ai_team,R04,M12 Car (373–530) là xe ba bánh có ô che,keep_with_reason,v1.0.0,Cùng mẫu lỗi class ThreeWheeler
r3_diag,B3-dense,adasind_199770.jpg,M13,M_only,SPURIOUS,E5_unresolved,P2,qa,R01,"Model thấy Pedestrian (752–776, 850–923, ~73 px) trong dãy quán; tôi và reference không box. Cần soi xem có người ≥H",keep_with_reason,v1.0.0,Không tự thêm khi chưa kiểm trên ảnh
